Model,RMSE,MAE,MAPE
Naïve Forecast (Validation),20.525940793933255,16.08489810431662,0.5479697283203685
Naïve Forecast (Test),30.75528689719482,20.32897760772094,0.665122566302019
Linear Regression (Validation),9.115675128846847,6.558589185011599,0.22363803782596126
Linear Regression (Test),15.030047141758862,9.423136630063002,0.3055665655043039
ARIMA (Validation),85.32705272078891,55.060931720128536,1.8709931522051744
